country,year,region,age_group,gender,income_level,sales,gross_margin_pct,profit_margin_pct
UK,2024,East,18-24,Female,High,478515.49892514443,0.5959095305001733,0.0835152060395468
UK,2024,East,18-24,Female,Low,377632.58474048704,0.5959095305001733,0.0835152060395468
UK,2024,East,18-24,Female,Medium,441261.01594661956,0.5959095305001733,0.0835152060395468
UK,2024,East,18-24,Male,High,312839.31409301166,0.5959095305001733,0.0835152060395468
UK,2024,East,18-24,Male,Low,1043306.6873978159,0.5959095305001733,0.0835152060395468
UK,2024,East,18-24,Male,Medium,624761.1012550589,0.5959095305001733,0.0835152060395468
UK,2024,East,18-24,Other,High,631171.8716761125,0.5959095305001733,0.0835152060395468
UK,2024,East,18-24,Other,Low,643536.2168626324,0.5959095305001733,0.0835152060395468
UK,2024,East,18-24,Other,Medium,341900.8033761479,0.5959095305001733,0.0835152060395468
UK,2024,East,25-34,Female,High,901640.9122462423,0.5959095305001733,0.0835152060395468
UK,2024,East,25-34,Female,Low,707676.4652604933,0.5959095305001733,0.0835152060395468
UK,2024,East,25-34,Female,Medium,554656.9526236139,0.5959095305001733,0.0835152060395468
UK,2024,East,25-34,Male,High,559075.6696750227,0.5959095305001733,0.0835152060395468
UK,2024,East,25-34,Male,Low,706187.8544695898,0.5959095305001733,0.0835152060395468
UK,2024,East,25-34,Male,Medium,802818.2649557849,0.5959095305001733,0.0835152060395468
UK,2024,East,25-34,Other,High,728436.6423086455,0.5959095305001733,0.0835152060395468
UK,2024,East,25-34,Other,Low,455986.14043109387,0.5959095305001733,0.0835152060395468
UK,2024,East,25-34,Other,Medium,612827.0395928249,0.5959095305001733,0.0835152060395468
UK,2024,East,35-44,Female,High,479098.3926524936,0.5959095305001733,0.0835152060395468
UK,2024,East,35-44,Female,Low,492032.0912447125,0.5959095305001733,0.0835152060395468
UK,2024,East,35-44,Female,Medium,493925.52625918423,0.5959095305001733,0.0835152060395468
UK,2024,East,35-44,Male,High,826165.9875248432,0.5959095305001733,0.0835152060395468
UK,2024,East,35-44,Male,Low,442825.7816532568,0.5959095305001733,0.0835152060395468
UK,2024,East,35-44,Male,Medium,340101.61802466825,0.5959095305001733,0.0835152060395468
UK,2024,East,35-44,Other,High,634085.1472051364,0.5959095305001733,0.0835152060395468
UK,2024,East,35-44,Other,Low,468575.3007213686,0.5959095305001733,0.0835152060395468
UK,2024,East,35-44,Other,Medium,783630.0896970852,0.5959095305001733,0.0835152060395468
UK,2024,East,45-54,Female,High,581730.7111748214,0.5959095305001733,0.0835152060395468
UK,2024,East,45-54,Female,Low,521119.4150233676,0.5959095305001733,0.0835152060395468
UK,2024,East,45-54,Female,Medium,773521.9281515937,0.5959095305001733,0.0835152060395468
UK,2024,East,45-54,Male,High,573866.9423509778,0.5959095305001733,0.0835152060395468
UK,2024,East,45-54,Male,Low,373347.53393632575,0.5959095305001733,0.0835152060395468
UK,2024,East,45-54,Male,Medium,527464.0074616787,0.5959095305001733,0.0835152060395468
UK,2024,East,45-54,Other,High,643670.4559696357,0.5959095305001733,0.0835152060395468
UK,2024,East,45-54,Other,Low,817799.6728216355,0.5959095305001733,0.0835152060395468
UK,2024,East,45-54,Other,Medium,819672.1206889274,0.5959095305001733,0.0835152060395468
UK,2024,East,55+,Female,High,467583.3767719634,0.5959095305001733,0.0835152060395468
UK,2024,East,55+,Female,Low,591804.954968932,0.5959095305001733,0.0835152060395468
UK,2024,East,55+,Female,Medium,593721.3050914182,0.5959095305001733,0.0835152060395468
UK,2024,East,55+,Male,High,459101.1638889253,0.5959095305001733,0.0835152060395468
UK,2024,East,55+,Male,Low,707327.0533467506,0.5959095305001733,0.0835152060395468
UK,2024,East,55+,Male,Medium,760073.176171625,0.5959095305001733,0.0835152060395468
UK,2024,East,55+,Other,High,751401.4974865575,0.5959095305001733,0.0835152060395468
UK,2024,East,55+,Other,Low,310718.26652193634,0.5959095305001733,0.0835152060395468
UK,2024,East,55+,Other,Medium,598156.2044081294,0.5959095305001733,0.0835152060395468
UK,2024,North,18-24,Female,High,797771.4696936399,0.5959095305001733,0.0835152060395468
UK,2024,North,18-24,Female,Low,661658.3381712427,0.5959095305001733,0.0835152060395468
UK,2024,North,18-24,Female,Medium,590228.9532866095,0.5959095305001733,0.0835152060395468
UK,2024,North,18-24,Male,High,593411.1515842245,0.5959095305001733,0.0835152060395468
UK,2024,North,18-24,Male,Low,664977.6393690209,0.5959095305001733,0.0835152060395468
UK,2024,North,18-24,Male,Medium,1032289.900102491,0.5959095305001733,0.0835152060395468
UK,2024,North,18-24,Other,High,639158.0917773247,0.5959095305001733,0.0835152060395468
UK,2024,North,18-24,Other,Low,585786.1483910041,0.5959095305001733,0.0835152060395468
UK,2024,North,18-24,Other,Medium,477424.6048887019,0.5959095305001733,0.0835152060395468
UK,2024,North,25-34,Female,High,539310.2653277889,0.5959095305001733,0.0835152060395468
UK,2024,North,25-34,Female,Low,950926.9627346328,0.5959095305001733,0.0835152060395468
UK,2024,North,25-34,Female,Medium,386922.1613645429,0.5959095305001733,0.0835152060395468
UK,2024,North,25-34,Male,High,729672.7955801912,0.5959095305001733,0.0835152060395468
UK,2024,North,25-34,Male,Low,596662.2587369772,0.5959095305001733,0.0835152060395468
UK,2024,North,25-34,Male,Medium,494922.87615743297,0.5959095305001733,0.0835152060395468
UK,2024,North,25-34,Other,High,747787.3121087531,0.5959095305001733,0.0835152060395468
UK,2024,North,25-34,Other,Low,576163.6192666369,0.5959095305001733,0.0835152060395468
UK,2024,North,25-34,Other,Medium,775693.4274601665,0.5959095305001733,0.0835152060395468
UK,2024,North,35-44,Female,High,450938.22883246164,0.5959095305001733,0.0835152060395468
UK,2024,North,35-44,Female,Low,713879.5425418123,0.5959095305001733,0.0835152060395468
UK,2024,North,35-44,Female,Medium,824183.3156486787,0.5959095305001733,0.0835152060395468
UK,2024,North,35-44,Male,High,450921.52268922486,0.5959095305001733,0.0835152060395468
UK,2024,North,35-44,Male,Low,694557.7987148565,0.5959095305001733,0.0835152060395468
UK,2024,North,35-44,Male,Medium,830585.162161372,0.5959095305001733,0.0835152060395468
UK,2024,North,35-44,Other,High,658265.6772880523,0.5959095305001733,0.0835152060395468
UK,2024,North,35-44,Other,Low,751183.1937733475,0.5959095305001733,0.0835152060395468
UK,2024,North,35-44,Other,Medium,625474.5893386275,0.5959095305001733,0.0835152060395468
UK,2024,North,45-54,Female,High,270120.8148782032,0.5959095305001733,0.0835152060395468
UK,2024,North,45-54,Female,Low,440270.5937647159,0.5959095305001733,0.0835152060395468
UK,2024,North,45-54,Female,Medium,466724.2484888011,0.5959095305001733,0.0835152060395468
UK,2024,North,45-54,Male,High,636029.7660706544,0.5959095305001733,0.0835152060395468
UK,2024,North,45-54,Male,Low,616588.2218710264,0.5959095305001733,0.0835152060395468
UK,2024,North,45-54,Male,Medium,880570.3139099394,0.5959095305001733,0.0835152060395468
UK,2024,North,45-54,Other,High,624673.230904706,0.5959095305001733,0.0835152060395468
UK,2024,North,45-54,Other,Low,508311.2246527764,0.5959095305001733,0.0835152060395468
UK,2024,North,45-54,Other,Medium,545165.0075503398,0.5959095305001733,0.0835152060395468
UK,2024,North,55+,Female,High,627729.3612878013,0.5959095305001733,0.0835152060395468
UK,2024,North,55+,Female,Low,423753.4750045284,0.5959095305001733,0.0835152060395468
UK,2024,North,55+,Female,Medium,594651.9980472215,0.5959095305001733,0.0835152060395468
UK,2024,North,55+,Male,High,736897.9329759155,0.5959095305001733,0.0835152060395468
UK,2024,North,55+,Male,Low,584338.9104427163,0.5959095305001733,0.0835152060395468
UK,2024,North,55+,Male,Medium,822855.6606645199,0.5959095305001733,0.0835152060395468
UK,2024,North,55+,Other,High,903440.8953701137,0.5959095305001733,0.0835152060395468
UK,2024,North,55+,Other,Low,719227.6532230249,0.5959095305001733,0.0835152060395468
UK,2024,North,55+,Other,Medium,919754.4099150519,0.5959095305001733,0.0835152060395468
UK,2024,South,18-24,Female,High,1074516.7451608158,0.5959095305001733,0.0835152060395468
UK,2024,South,18-24,Female,Low,502329.1593788098,0.5959095305001733,0.0835152060395468
UK,2024,South,18-24,Female,Medium,618128.918039492,0.5959095305001733,0.0835152060395468
UK,2024,South,18-24,Male,High,699784.4144281411,0.5959095305001733,0.0835152060395468
UK,2024,South,18-24,Male,Low,679776.9086920009,0.5959095305001733,0.0835152060395468
UK,2024,South,18-24,Male,Medium,1088023.071326293,0.5959095305001733,0.0835152060395468
UK,2024,South,18-24,Other,High,778110.6778582763,0.5959095305001733,0.0835152060395468
UK,2024,South,18-24,Other,Low,746662.9739127901,0.5959095305001733,0.0835152060395468
UK,2024,South,18-24,Other,Medium,547756.5593977709,0.5959095305001733,0.0835152060395468
UK,2024,South,25-34,Female,High,1132385.3516364393,0.5959095305001733,0.0835152060395468
UK,2024,South,25-34,Female,Low,1176124.9398659796,0.5959095305001733,0.0835152060395468
UK,2024,South,25-34,Female,Medium,701100.8229038995,0.5959095305001733,0.0835152060395468
UK,2024,South,25-34,Male,High,613226.2708890385,0.5959095305001733,0.0835152060395468
UK,2024,South,25-34,Male,Low,921812.9765297937,0.5959095305001733,0.0835152060395468
UK,2024,South,25-34,Male,Medium,1191707.9346345314,0.5959095305001733,0.0835152060395468
UK,2024,South,25-34,Other,High,1019331.6490060723,0.5959095305001733,0.0835152060395468
UK,2024,South,25-34,Other,Low,696919.9936750854,0.5959095305001733,0.0835152060395468
UK,2024,South,25-34,Other,Medium,519290.4788837112,0.5959095305001733,0.0835152060395468
UK,2024,South,35-44,Female,High,544194.1839473424,0.5959095305001733,0.0835152060395468
UK,2024,South,35-44,Female,Low,943701.1114719118,0.5959095305001733,0.0835152060395468
UK,2024,South,35-44,Female,Medium,716197.742409775,0.5959095305001733,0.0835152060395468
UK,2024,South,35-44,Male,High,831391.0774757331,0.5959095305001733,0.0835152060395468
UK,2024,South,35-44,Male,Low,559392.648533974,0.5959095305001733,0.0835152060395468
UK,2024,South,35-44,Male,Medium,459758.7767801573,0.5959095305001733,0.0835152060395468
UK,2024,South,35-44,Other,High,537725.6105867857,0.5959095305001733,0.0835152060395468
UK,2024,South,35-44,Other,Low,346150.21911948844,0.5959095305001733,0.0835152060395468
UK,2024,South,35-44,Other,Medium,506808.18252370285,0.5959095305001733,0.0835152060395468
UK,2024,South,45-54,Female,High,691811.6751951199,0.5959095305001733,0.0835152060395468
UK,2024,South,45-54,Female,Low,481368.15531203896,0.5959095305001733,0.0835152060395468
UK,2024,South,45-54,Female,Medium,687966.4275918768,0.5959095305001733,0.0835152060395468
UK,2024,South,45-54,Male,High,440419.64898568095,0.5959095305001733,0.0835152060395468
UK,2024,South,45-54,Male,Low,754006.8333081336,0.5959095305001733,0.0835152060395468
UK,2024,South,45-54,Male,Medium,595485.3604433392,0.5959095305001733,0.0835152060395468
UK,2024,South,45-54,Other,High,769528.3925937681,0.5959095305001733,0.0835152060395468
UK,2024,South,45-54,Other,Low,570095.6663622301,0.5959095305001733,0.0835152060395468
UK,2024,South,45-54,Other,Medium,690693.2504445426,0.5959095305001733,0.0835152060395468
UK,2024,South,55+,Female,High,799494.6479181761,0.5959095305001733,0.0835152060395468
UK,2024,South,55+,Female,Low,411750.82736457034,0.5959095305001733,0.0835152060395468
UK,2024,South,55+,Female,Medium,638259.7387442132,0.5959095305001733,0.0835152060395468
UK,2024,South,55+,Male,High,574142.5204262404,0.5959095305001733,0.0835152060395468
UK,2024,South,55+,Male,Low,654501.3303532599,0.5959095305001733,0.0835152060395468
UK,2024,South,55+,Male,Medium,702184.5148001651,0.5959095305001733,0.0835152060395468
UK,2024,South,55+,Other,High,867908.6302323568,0.5959095305001733,0.0835152060395468
UK,2024,South,55+,Other,Low,544350.3543586876,0.5959095305001733,0.0835152060395468
UK,2024,South,55+,Other,Medium,1162501.74046732,0.5959095305001733,0.0835152060395468
UK,2024,West,18-24,Female,High,736669.349498315,0.5959095305001733,0.0835152060395468
UK,2024,West,18-24,Female,Low,637027.519425741,0.5959095305001733,0.0835152060395468
UK,2024,West,18-24,Female,Medium,548284.8134229103,0.5959095305001733,0.0835152060395468
UK,2024,West,18-24,Male,High,830831.2447261488,0.5959095305001733,0.0835152060395468
UK,2024,West,18-24,Male,Low,468400.95527373033,0.5959095305001733,0.0835152060395468
UK,2024,West,18-24,Male,Medium,556264.0547571237,0.5959095305001733,0.0835152060395468
UK,2024,West,18-24,Other,High,704545.8782176942,0.5959095305001733,0.0835152060395468
UK,2024,West,18-24,Other,Low,713096.2990563591,0.5959095305001733,0.0835152060395468
UK,2024,West,18-24,Other,Medium,385986.188134814,0.5959095305001733,0.0835152060395468
UK,2024,West,25-34,Female,High,618949.3787729642,0.5959095305001733,0.0835152060395468
UK,2024,West,25-34,Female,Low,723718.8515803427,0.5959095305001733,0.0835152060395468
UK,2024,West,25-34,Female,Medium,945763.305559695,0.5959095305001733,0.0835152060395468
UK,2024,West,25-34,Male,High,661790.1787127116,0.5959095305001733,0.0835152060395468
UK,2024,West,25-34,Male,Low,843221.9760594532,0.5959095305001733,0.0835152060395468
UK,2024,West,25-34,Male,Medium,793000.7617695828,0.5959095305001733,0.0835152060395468
UK,2024,West,25-34,Other,High,1098000.8418630736,0.5959095305001733,0.0835152060395468
UK,2024,West,25-34,Other,Low,1012162.1227432183,0.5959095305001733,0.0835152060395468
UK,2024,West,25-34,Other,Medium,641112.7399051188,0.5959095305001733,0.0835152060395468
UK,2024,West,35-44,Female,High,838069.0931271416,0.5959095305001733,0.0835152060395468
UK,2024,West,35-44,Female,Low,515179.44902805175,0.5959095305001733,0.0835152060395468
UK,2024,West,35-44,Female,Medium,496418.239363896,0.5959095305001733,0.0835152060395468
UK,2024,West,35-44,Male,High,798465.799459948,0.5959095305001733,0.0835152060395468
UK,2024,West,35-44,Male,Low,617911.5064612663,0.5959095305001733,0.0835152060395468
UK,2024,West,35-44,Male,Medium,335034.48816299683,0.5959095305001733,0.0835152060395468
UK,2024,West,35-44,Other,High,1119259.3137054592,0.5959095305001733,0.0835152060395468
UK,2024,West,35-44,Other,Low,870740.8543662062,0.5959095305001733,0.0835152060395468
UK,2024,West,35-44,Other,Medium,599780.6241222001,0.5959095305001733,0.0835152060395468
UK,2024,West,45-54,Female,High,485414.6381175359,0.5959095305001733,0.0835152060395468
UK,2024,West,45-54,Female,Low,534761.7132537513,0.5959095305001733,0.0835152060395468
UK,2024,West,45-54,Female,Medium,631458.088142885,0.5959095305001733,0.0835152060395468
UK,2024,West,45-54,Male,High,512325.1930625534,0.5959095305001733,0.0835152060395468
UK,2024,West,45-54,Male,Low,459541.64976918383,0.5959095305001733,0.0835152060395468
UK,2024,West,45-54,Male,Medium,360703.6575039721,0.5959095305001733,0.0835152060395468
UK,2024,West,45-54,Other,High,615638.9182343315,0.5959095305001733,0.0835152060395468
UK,2024,West,45-54,Other,Low,652057.5597008195,0.5959095305001733,0.0835152060395468
UK,2024,West,45-54,Other,Medium,836128.6288750786,0.5959095305001733,0.0835152060395468
UK,2024,West,55+,Female,High,606922.9530719764,0.5959095305001733,0.0835152060395468
UK,2024,West,55+,Female,Low,656849.9945445405,0.5959095305001733,0.0835152060395468
UK,2024,West,55+,Female,Medium,1249046.2692301124,0.5959095305001733,0.0835152060395468
UK,2024,West,55+,Male,High,467188.5993097921,0.5959095305001733,0.0835152060395468
UK,2024,West,55+,Male,Low,546010.7355929648,0.5959095305001733,0.0835152060395468
UK,2024,West,55+,Male,Medium,589198.4657258642,0.5959095305001733,0.0835152060395468
UK,2024,West,55+,Other,High,447658.27186005155,0.5959095305001733,0.0835152060395468
UK,2024,West,55+,Other,Low,674869.2313368581,0.5959095305001733,0.0835152060395468
UK,2024,West,55+,Other,Medium,1014959.9647406086,0.5959095305001733,0.0835152060395468
UK,2025,East,18-24,Female,High,680937.4841996831,0.5983427292653306,0.07517578058020573
UK,2025,East,18-24,Female,Low,941894.6252017135,0.5983427292653306,0.07517578058020573
UK,2025,East,18-24,Female,Medium,1002379.511703725,0.5983427292653306,0.07517578058020573
UK,2025,East,18-24,Male,High,794668.3872331795,0.5983427292653306,0.07517578058020573
UK,2025,East,18-24,Male,Low,811561.7630150012,0.5983427292653306,0.07517578058020573
UK,2025,East,18-24,Male,Medium,1016673.7490612566,0.5983427292653306,0.07517578058020573
UK,2025,East,18-24,Other,High,983628.1474915233,0.5983427292653306,0.07517578058020573
UK,2025,East,18-24,Other,Low,586469.6941426378,0.5983427292653306,0.07517578058020573
UK,2025,East,18-24,Other,Medium,675470.6804179976,0.5983427292653306,0.07517578058020573
UK,2025,East,25-34,Female,High,513548.5906766426,0.5983427292653306,0.07517578058020573
UK,2025,East,25-34,Female,Low,739904.6973703419,0.5983427292653306,0.07517578058020573
UK,2025,East,25-34,Female,Medium,503597.06228692026,0.5983427292653306,0.07517578058020573
UK,2025,East,25-34,Male,High,805846.534013236,0.5983427292653306,0.07517578058020573
UK,2025,East,25-34,Male,Low,567155.9012138689,0.5983427292653306,0.07517578058020573
UK,2025,East,25-34,Male,Medium,418737.8994469484,0.5983427292653306,0.07517578058020573
UK,2025,East,25-34,Other,High,638058.7602048733,0.5983427292653306,0.07517578058020573
UK,2025,East,25-34,Other,Low,762448.3538321813,0.5983427292653306,0.07517578058020573
UK,2025,East,25-34,Other,Medium,583979.416022957,0.5983427292653306,0.07517578058020573
UK,2025,East,35-44,Female,High,355938.09960077424,0.5983427292653306,0.07517578058020573
UK,2025,East,35-44,Female,Low,821246.7344873326,0.5983427292653306,0.07517578058020573
UK,2025,East,35-44,Female,Medium,661943.2088339636,0.5983427292653306,0.07517578058020573
UK,2025,East,35-44,Male,High,471002.62190168217,0.5983427292653306,0.07517578058020573
UK,2025,East,35-44,Male,Low,616890.0889102926,0.5983427292653306,0.07517578058020573
UK,2025,East,35-44,Male,Medium,570325.2034511244,0.5983427292653306,0.07517578058020573
UK,2025,East,35-44,Other,High,699315.3095221585,0.5983427292653306,0.07517578058020573
UK,2025,East,35-44,Other,Low,766839.1303684228,0.5983427292653306,0.07517578058020573
UK,2025,East,35-44,Other,Medium,568016.2171819786,0.5983427292653306,0.07517578058020573
UK,2025,East,45-54,Female,High,737980.8208888244,0.5983427292653306,0.07517578058020573
UK,2025,East,45-54,Female,Low,641382.9951531382,0.5983427292653306,0.07517578058020573
UK,2025,East,45-54,Female,Medium,453078.14071385504,0.5983427292653306,0.07517578058020573
UK,2025,East,45-54,Male,High,776624.4501826762,0.5983427292653306,0.07517578058020573
UK,2025,East,45-54,Male,Low,784770.2265761698,0.5983427292653306,0.07517578058020573
UK,2025,East,45-54,Male,Medium,759885.0552706735,0.5983427292653306,0.07517578058020573
UK,2025,East,45-54,Other,High,846393.8105344113,0.5983427292653306,0.07517578058020573
UK,2025,East,45-54,Other,Low,745141.9407018326,0.5983427292653306,0.07517578058020573
UK,2025,East,45-54,Other,Medium,885071.5701689364,0.5983427292653306,0.07517578058020573
UK,2025,East,55+,Female,High,662178.412522198,0.5983427292653306,0.07517578058020573
UK,2025,East,55+,Female,Low,573604.5048291197,0.5983427292653306,0.07517578058020573
UK,2025,East,55+,Female,Medium,612609.8045897331,0.5983427292653306,0.07517578058020573
UK,2025,East,55+,Male,High,901729.678390725,0.5983427292653306,0.07517578058020573
UK,2025,East,55+,Male,Low,564248.2319786828,0.5983427292653306,0.07517578058020573
UK,2025,East,55+,Male,Medium,608270.8104277602,0.5983427292653306,0.07517578058020573
UK,2025,East,55+,Other,High,580618.4717455737,0.5983427292653306,0.07517578058020573
UK,2025,East,55+,Other,Low,586886.9637378469,0.5983427292653306,0.07517578058020573
UK,2025,East,55+,Other,Medium,678919.0064316947,0.5983427292653306,0.07517578058020573
UK,2025,North,18-24,Female,High,659834.6945090161,0.5983427292653306,0.07517578058020573
UK,2025,North,18-24,Female,Low,699014.1686344146,0.5983427292653306,0.07517578058020573
UK,2025,North,18-24,Female,Medium,671768.8934897969,0.5983427292653306,0.07517578058020573
UK,2025,North,18-24,Male,High,804010.1820834102,0.5983427292653306,0.07517578058020573
UK,2025,North,18-24,Male,Low,671789.9478612319,0.5983427292653306,0.07517578058020573
UK,2025,North,18-24,Male,Medium,960044.6087998421,0.5983427292653306,0.07517578058020573
UK,2025,North,18-24,Other,High,596478.5705590697,0.5983427292653306,0.07517578058020573
UK,2025,North,18-24,Other,Low,662327.2109954098,0.5983427292653306,0.07517578058020573
UK,2025,North,18-24,Other,Medium,551136.2528809112,0.5983427292653306,0.07517578058020573
UK,2025,North,25-34,Female,High,561261.9267412759,0.5983427292653306,0.07517578058020573
UK,2025,North,25-34,Female,Low,393085.7754216683,0.5983427292653306,0.07517578058020573
UK,2025,North,25-34,Female,Medium,622075.7805338776,0.5983427292653306,0.07517578058020573
UK,2025,North,25-34,Male,High,552679.540141234,0.5983427292653306,0.07517578058020573
UK,2025,North,25-34,Male,Low,621750.7167387373,0.5983427292653306,0.07517578058020573
UK,2025,North,25-34,Male,Medium,600690.3740175475,0.5983427292653306,0.07517578058020573
UK,2025,North,25-34,Other,High,678743.4315072307,0.5983427292653306,0.07517578058020573
UK,2025,North,25-34,Other,Low,445176.84982886515,0.5983427292653306,0.07517578058020573
UK,2025,North,25-34,Other,Medium,603281.1881298502,0.5983427292653306,0.07517578058020573
UK,2025,North,35-44,Female,High,432724.7379300732,0.5983427292653306,0.07517578058020573
UK,2025,North,35-44,Female,Low,944111.0942240972,0.5983427292653306,0.07517578058020573
UK,2025,North,35-44,Female,Medium,675684.0457080398,0.5983427292653306,0.07517578058020573
UK,2025,North,35-44,Male,High,530927.1258994606,0.5983427292653306,0.07517578058020573
UK,2025,North,35-44,Male,Low,1098151.2166837985,0.5983427292653306,0.07517578058020573
UK,2025,North,35-44,Male,Medium,321637.83009315166,0.5983427292653306,0.07517578058020573
UK,2025,North,35-44,Other,High,584058.5275574798,0.5983427292653306,0.07517578058020573
UK,2025,North,35-44,Other,Low,622889.0986299868,0.5983427292653306,0.07517578058020573
UK,2025,North,35-44,Other,Medium,354369.23673457396,0.5983427292653306,0.07517578058020573
UK,2025,North,45-54,Female,High,389100.8111643725,0.5983427292653306,0.07517578058020573
UK,2025,North,45-54,Female,Low,645825.701372819,0.5983427292653306,0.07517578058020573
UK,2025,North,45-54,Female,Medium,735129.005491383,0.5983427292653306,0.07517578058020573
UK,2025,North,45-54,Male,High,763801.9836469989,0.5983427292653306,0.07517578058020573
UK,2025,North,45-54,Male,Low,1178462.0106901652,0.5983427292653306,0.07517578058020573
UK,2025,North,45-54,Male,Medium,618159.7350280264,0.5983427292653306,0.07517578058020573
UK,2025,North,45-54,Other,High,486043.86236469884,0.5983427292653306,0.07517578058020573
UK,2025,North,45-54,Other,Low,426800.15628080926,0.5983427292653306,0.07517578058020573
UK,2025,North,45-54,Other,Medium,819080.8064887042,0.5983427292653306,0.07517578058020573
UK,2025,North,55+,Female,High,553717.4818231052,0.5983427292653306,0.07517578058020573
UK,2025,North,55+,Female,Low,516752.08980280184,0.5983427292653306,0.07517578058020573
UK,2025,North,55+,Female,Medium,811713.0477324863,0.5983427292653306,0.07517578058020573
UK,2025,North,55+,Male,High,848730.405999263,0.5983427292653306,0.07517578058020573
UK,2025,North,55+,Male,Low,515370.736796798,0.5983427292653306,0.07517578058020573
UK,2025,North,55+,Male,Medium,724080.733846155,0.5983427292653306,0.07517578058020573
UK,2025,North,55+,Other,High,412145.44198814564,0.5983427292653306,0.07517578058020573
UK,2025,North,55+,Other,Low,643711.357579813,0.5983427292653306,0.07517578058020573
UK,2025,North,55+,Other,Medium,772389.0995841138,0.5983427292653306,0.07517578058020573
UK,2025,South,18-24,Female,High,826484.8961251758,0.5983427292653306,0.07517578058020573
UK,2025,South,18-24,Female,Low,537163.8739362453,0.5983427292653306,0.07517578058020573
UK,2025,South,18-24,Female,Medium,642425.2944631041,0.5983427292653306,0.07517578058020573
UK,2025,South,18-24,Male,High,453258.33556804847,0.5983427292653306,0.07517578058020573
UK,2025,South,18-24,Male,Low,512696.4603177663,0.5983427292653306,0.07517578058020573
UK,2025,South,18-24,Male,Medium,547609.6786546974,0.5983427292653306,0.07517578058020573
UK,2025,South,18-24,Other,High,821532.7252743026,0.5983427292653306,0.07517578058020573
UK,2025,South,18-24,Other,Low,679182.421386105,0.5983427292653306,0.07517578058020573
UK,2025,South,18-24,Other,Medium,805871.9273676705,0.5983427292653306,0.07517578058020573
UK,2025,South,25-34,Female,High,666517.3863257162,0.5983427292653306,0.07517578058020573
UK,2025,South,25-34,Female,Low,708650.2327732287,0.5983427292653306,0.07517578058020573
UK,2025,South,25-34,Female,Medium,478871.40030190005,0.5983427292653306,0.07517578058020573
UK,2025,South,25-34,Male,High,772155.2261030885,0.5983427292653306,0.07517578058020573
UK,2025,South,25-34,Male,Low,656654.2402539756,0.5983427292653306,0.07517578058020573
UK,2025,South,25-34,Male,Medium,768675.3114774245,0.5983427292653306,0.07517578058020573
UK,2025,South,25-34,Other,High,714288.4461953044,0.5983427292653306,0.07517578058020573
UK,2025,South,25-34,Other,Low,663560.9603517763,0.5983427292653306,0.07517578058020573
UK,2025,South,25-34,Other,Medium,895872.8089846603,0.5983427292653306,0.07517578058020573
UK,2025,South,35-44,Female,High,526611.5120686757,0.5983427292653306,0.07517578058020573
UK,2025,South,35-44,Female,Low,779131.2921842296,0.5983427292653306,0.07517578058020573
UK,2025,South,35-44,Female,Medium,937998.2399042078,0.5983427292653306,0.07517578058020573
UK,2025,South,35-44,Male,High,464032.01718157704,0.5983427292653306,0.07517578058020573
UK,2025,South,35-44,Male,Low,522601.5898636078,0.5983427292653306,0.07517578058020573
UK,2025,South,35-44,Male,Medium,604003.4585719127,0.5983427292653306,0.07517578058020573
UK,2025,South,35-44,Other,High,388282.9799935841,0.5983427292653306,0.07517578058020573
UK,2025,South,35-44,Other,Low,777542.2044810031,0.5983427292653306,0.07517578058020573
UK,2025,South,35-44,Other,Medium,1126688.0423389345,0.5983427292653306,0.07517578058020573
UK,2025,South,45-54,Female,High,347493.7114348494,0.5983427292653306,0.07517578058020573
UK,2025,South,45-54,Female,Low,705038.345273171,0.5983427292653306,0.07517578058020573
UK,2025,South,45-54,Female,Medium,657980.4867481736,0.5983427292653306,0.07517578058020573
UK,2025,South,45-54,Male,High,687609.0935958156,0.5983427292653306,0.07517578058020573
UK,2025,South,45-54,Male,Low,576345.6916766049,0.5983427292653306,0.07517578058020573
UK,2025,South,45-54,Male,Medium,474198.1732700763,0.5983427292653306,0.07517578058020573
UK,2025,South,45-54,Other,High,435301.53090951336,0.5983427292653306,0.07517578058020573
UK,2025,South,45-54,Other,Low,584789.5212228895,0.5983427292653306,0.07517578058020573
UK,2025,South,45-54,Other,Medium,292570.12970819714,0.5983427292653306,0.07517578058020573
UK,2025,South,55+,Female,High,518537.37957808893,0.5983427292653306,0.07517578058020573
UK,2025,South,55+,Female,Low,722669.9717062223,0.5983427292653306,0.07517578058020573
UK,2025,South,55+,Female,Medium,565194.2725625121,0.5983427292653306,0.07517578058020573
UK,2025,South,55+,Male,High,403280.1962586976,0.5983427292653306,0.07517578058020573
UK,2025,South,55+,Male,Low,709380.1712073269,0.5983427292653306,0.07517578058020573
UK,2025,South,55+,Male,Medium,676307.9246511079,0.5983427292653306,0.07517578058020573
UK,2025,South,55+,Other,High,666621.5925295383,0.5983427292653306,0.07517578058020573
UK,2025,South,55+,Other,Low,971246.9760582271,0.5983427292653306,0.07517578058020573
UK,2025,South,55+,Other,Medium,591397.9270327071,0.5983427292653306,0.07517578058020573
UK,2025,West,18-24,Female,High,818601.8594689663,0.5983427292653306,0.07517578058020573
UK,2025,West,18-24,Female,Low,986636.0893947048,0.5983427292653306,0.07517578058020573
UK,2025,West,18-24,Female,Medium,590625.6939212979,0.5983427292653306,0.07517578058020573
UK,2025,West,18-24,Male,High,518498.380637617,0.5983427292653306,0.07517578058020573
UK,2025,West,18-24,Male,Low,1199439.3166493804,0.5983427292653306,0.07517578058020573
UK,2025,West,18-24,Male,Medium,522064.3038269169,0.5983427292653306,0.07517578058020573
UK,2025,West,18-24,Other,High,799381.5839866517,0.5983427292653306,0.07517578058020573
UK,2025,West,18-24,Other,Low,694741.6184195695,0.5983427292653306,0.07517578058020573
UK,2025,West,18-24,Other,Medium,818222.9909513625,0.5983427292653306,0.07517578058020573
UK,2025,West,25-34,Female,High,715349.0322422634,0.5983427292653306,0.07517578058020573
UK,2025,West,25-34,Female,Low,384522.6227359349,0.5983427292653306,0.07517578058020573
UK,2025,West,25-34,Female,Medium,686778.4406249776,0.5983427292653306,0.07517578058020573
UK,2025,West,25-34,Male,High,829256.0043984334,0.5983427292653306,0.07517578058020573
UK,2025,West,25-34,Male,Low,546726.790033502,0.5983427292653306,0.07517578058020573
UK,2025,West,25-34,Male,Medium,543266.595519477,0.5983427292653306,0.07517578058020573
UK,2025,West,25-34,Other,High,1028960.7849357774,0.5983427292653306,0.07517578058020573
UK,2025,West,25-34,Other,Low,845589.5728669309,0.5983427292653306,0.07517578058020573
UK,2025,West,25-34,Other,Medium,763743.6219137112,0.5983427292653306,0.07517578058020573
UK,2025,West,35-44,Female,High,713232.6189990831,0.5983427292653306,0.07517578058020573
UK,2025,West,35-44,Female,Low,598945.200542156,0.5983427292653306,0.07517578058020573
UK,2025,West,35-44,Female,Medium,275257.9076304276,0.5983427292653306,0.07517578058020573
UK,2025,West,35-44,Male,High,791755.8351040282,0.5983427292653306,0.07517578058020573
UK,2025,West,35-44,Male,Low,741244.4631571234,0.5983427292653306,0.07517578058020573
UK,2025,West,35-44,Male,Medium,585324.2684080084,0.5983427292653306,0.07517578058020573
UK,2025,West,35-44,Other,High,1114682.0368875202,0.5983427292653306,0.07517578058020573
UK,2025,West,35-44,Other,Low,694219.9616023349,0.5983427292653306,0.07517578058020573
UK,2025,West,35-44,Other,Medium,854102.2901412824,0.5983427292653306,0.07517578058020573
UK,2025,West,45-54,Female,High,563148.5831422331,0.5983427292653306,0.07517578058020573
UK,2025,West,45-54,Female,Low,285311.89855020767,0.5983427292653306,0.07517578058020573
UK,2025,West,45-54,Female,Medium,550522.6521692824,0.5983427292653306,0.07517578058020573
UK,2025,West,45-54,Male,High,451076.08667854243,0.5983427292653306,0.07517578058020573
UK,2025,West,45-54,Male,Low,471476.76368777984,0.5983427292653306,0.07517578058020573
UK,2025,West,45-54,Male,Medium,868719.5571875479,0.5983427292653306,0.07517578058020573
UK,2025,West,45-54,Other,High,567083.6624158403,0.5983427292653306,0.07517578058020573
UK,2025,West,45-54,Other,Low,728445.1221526907,0.5983427292653306,0.07517578058020573
UK,2025,West,45-54,Other,Medium,775971.6799852038,0.5983427292653306,0.07517578058020573
UK,2025,West,55+,Female,High,609537.4891487507,0.5983427292653306,0.07517578058020573
UK,2025,West,55+,Female,Low,688728.3438944581,0.5983427292653306,0.07517578058020573
UK,2025,West,55+,Female,Medium,904004.7201636394,0.5983427292653306,0.07517578058020573
UK,2025,West,55+,Male,High,661184.8999958957,0.5983427292653306,0.07517578058020573
UK,2025,West,55+,Male,Low,454160.88129909575,0.5983427292653306,0.07517578058020573
UK,2025,West,55+,Male,Medium,719196.6904449109,0.5983427292653306,0.07517578058020573
UK,2025,West,55+,Other,High,832176.8346226222,0.5983427292653306,0.07517578058020573
UK,2025,West,55+,Other,Low,516786.3740750275,0.5983427292653306,0.07517578058020573
UK,2025,West,55+,Other,Medium,1082866.3621880792,0.5983427292653306,0.07517578058020573
US,2024,East,18-24,Female,High,842986.9028477314,0.5711442927314652,0.07287263357279167
US,2024,East,18-24,Female,Low,504552.56698124873,0.5711442927314652,0.07287263357279167
US,2024,East,18-24,Female,Medium,419325.96220849134,0.5711442927314652,0.07287263357279167
US,2024,East,18-24,Male,High,1188794.5332399644,0.5711442927314652,0.07287263357279167
US,2024,East,18-24,Male,Low,990954.6053467958,0.5711442927314652,0.07287263357279167
US,2024,East,18-24,Male,Medium,499772.35580274335,0.5711442927314652,0.07287263357279167
US,2024,East,18-24,Other,High,1077417.2853382127,0.5711442927314652,0.07287263357279167
US,2024,East,18-24,Other,Low,625054.9485370913,0.5711442927314652,0.07287263357279167
US,2024,East,18-24,Other,Medium,524369.5619869956,0.5711442927314652,0.07287263357279167
US,2024,East,25-34,Female,High,757885.2293010047,0.5711442927314652,0.07287263357279167
US,2024,East,25-34,Female,Low,633968.3173472463,0.5711442927314652,0.07287263357279167
US,2024,East,25-34,Female,Medium,925579.730262104,0.5711442927314652,0.07287263357279167
US,2024,East,25-34,Male,High,888794.9407445611,0.5711442927314652,0.07287263357279167
US,2024,East,25-34,Male,Low,419342.5672076956,0.5711442927314652,0.07287263357279167
US,2024,East,25-34,Male,Medium,667804.3442865837,0.5711442927314652,0.07287263357279167
US,2024,East,25-34,Other,High,372592.1271236212,0.5711442927314652,0.07287263357279167
US,2024,East,25-34,Other,Low,771954.3154981831,0.5711442927314652,0.07287263357279167
US,2024,East,25-34,Other,Medium,897967.360189487,0.5711442927314652,0.07287263357279167
US,2024,East,35-44,Female,High,688343.604353809,0.5711442927314652,0.07287263357279167
US,2024,East,35-44,Female,Low,465138.1805292985,0.5711442927314652,0.07287263357279167
US,2024,East,35-44,Female,Medium,1159270.8334963704,0.5711442927314652,0.07287263357279167
US,2024,East,35-44,Male,High,797404.3610974993,0.5711442927314652,0.07287263357279167
US,2024,East,35-44,Male,Low,874090.8073499579,0.5711442927314652,0.07287263357279167
US,2024,East,35-44,Male,Medium,983986.6351793368,0.5711442927314652,0.07287263357279167
US,2024,East,35-44,Other,High,618804.6277456578,0.5711442927314652,0.07287263357279167
US,2024,East,35-44,Other,Low,577377.3578727986,0.5711442927314652,0.07287263357279167
US,2024,East,35-44,Other,Medium,746990.9337436924,0.5711442927314652,0.07287263357279167
US,2024,East,45-54,Female,High,834304.2316837771,0.5711442927314652,0.07287263357279167
US,2024,East,45-54,Female,Low,644209.4733205369,0.5711442927314652,0.07287263357279167
US,2024,East,45-54,Female,Medium,1016734.6458936625,0.5711442927314652,0.07287263357279167
US,2024,East,45-54,Male,High,629987.1360141023,0.5711442927314652,0.07287263357279167
US,2024,East,45-54,Male,Low,749873.9146385919,0.5711442927314652,0.07287263357279167
US,2024,East,45-54,Male,Medium,995328.2504734737,0.5711442927314652,0.07287263357279167
US,2024,East,45-54,Other,High,886469.4440290675,0.5711442927314652,0.07287263357279167
US,2024,East,45-54,Other,Low,645138.9194340218,0.5711442927314652,0.07287263357279167
US,2024,East,45-54,Other,Medium,703844.4316744317,0.5711442927314652,0.07287263357279167
US,2024,East,55+,Female,High,585886.2384824334,0.5711442927314652,0.07287263357279167
US,2024,East,55+,Female,Low,1058860.8515428128,0.5711442927314652,0.07287263357279167
US,2024,East,55+,Female,Medium,844734.5417660201,0.5711442927314652,0.07287263357279167
US,2024,East,55+,Male,High,856116.4356331972,0.5711442927314652,0.07287263357279167
US,2024,East,55+,Male,Low,586218.1579739726,0.5711442927314652,0.07287263357279167
US,2024,East,55+,Male,Medium,1068065.7176054493,0.5711442927314652,0.07287263357279167
US,2024,East,55+,Other,High,2026789.6328964958,0.5711442927314652,0.07287263357279167
US,2024,East,55+,Other,Low,426926.4224003836,0.5711442927314652,0.07287263357279167
US,2024,East,55+,Other,Medium,438054.16100314865,0.5711442927314652,0.07287263357279167
US,2024,North,18-24,Female,High,557426.2183841863,0.5711442927314652,0.07287263357279167
US,2024,North,18-24,Female,Low,795359.2792898831,0.5711442927314652,0.07287263357279167
US,2024,North,18-24,Female,Medium,846828.5795651266,0.5711442927314652,0.07287263357279167
US,2024,North,18-24,Male,High,960227.4228510619,0.5711442927314652,0.07287263357279167
US,2024,North,18-24,Male,Low,582756.6497513397,0.5711442927314652,0.07287263357279167
US,2024,North,18-24,Male,Medium,387439.92684169504,0.5711442927314652,0.07287263357279167
US,2024,North,18-24,Other,High,1254397.2144138159,0.5711442927314652,0.07287263357279167
US,2024,North,18-24,Other,Low,525912.8016681516,0.5711442927314652,0.07287263357279167
US,2024,North,18-24,Other,Medium,685211.0768714994,0.5711442927314652,0.07287263357279167
US,2024,North,25-34,Female,High,830001.5699686192,0.5711442927314652,0.07287263357279167
US,2024,North,25-34,Female,Low,393850.91469375585,0.5711442927314652,0.07287263357279167
US,2024,North,25-34,Female,Medium,737479.030332964,0.5711442927314652,0.07287263357279167
US,2024,North,25-34,Male,High,994911.3082974099,0.5711442927314652,0.07287263357279167
US,2024,North,25-34,Male,Low,805842.3167871048,0.5711442927314652,0.07287263357279167
US,2024,North,25-34,Male,Medium,764606.2509259686,0.5711442927314652,0.07287263357279167
US,2024,North,25-34,Other,High,1145000.7563462271,0.5711442927314652,0.07287263357279167
US,2024,North,25-34,Other,Low,818100.0146124337,0.5711442927314652,0.07287263357279167
US,2024,North,25-34,Other,Medium,1045044.650983244,0.5711442927314652,0.07287263357279167
US,2024,North,35-44,Female,High,793084.572909937,0.5711442927314652,0.07287263357279167
US,2024,North,35-44,Female,Low,1173697.071534747,0.5711442927314652,0.07287263357279167
US,2024,North,35-44,Female,Medium,836495.0017630842,0.5711442927314652,0.07287263357279167
US,2024,North,35-44,Male,High,774000.8471474485,0.5711442927314652,0.07287263357279167
US,2024,North,35-44,Male,Low,693634.3354078438,0.5711442927314652,0.07287263357279167
US,2024,North,35-44,Male,Medium,791347.0835013693,0.5711442927314652,0.07287263357279167
US,2024,North,35-44,Other,High,434949.67773441266,0.5711442927314652,0.07287263357279167
US,2024,North,35-44,Other,Low,1219080.5922701182,0.5711442927314652,0.07287263357279167
US,2024,North,35-44,Other,Medium,646593.6031131981,0.5711442927314652,0.07287263357279167
US,2024,North,45-54,Female,High,767097.511354563,0.5711442927314652,0.07287263357279167
US,2024,North,45-54,Female,Low,835909.986502652,0.5711442927314652,0.07287263357279167
US,2024,North,45-54,Female,Medium,866148.9475263904,0.5711442927314652,0.07287263357279167
US,2024,North,45-54,Male,High,909492.3588118866,0.5711442927314652,0.07287263357279167
US,2024,North,45-54,Male,Low,1060836.7848602978,0.5711442927314652,0.07287263357279167
US,2024,North,45-54,Male,Medium,1246158.5835627185,0.5711442927314652,0.07287263357279167
US,2024,North,45-54,Other,High,808849.6998679225,0.5711442927314652,0.07287263357279167
US,2024,North,45-54,Other,Low,976471.1450497205,0.5711442927314652,0.07287263357279167
US,2024,North,45-54,Other,Medium,877584.4062633972,0.5711442927314652,0.07287263357279167
US,2024,North,55+,Female,High,1101875.9000172934,0.5711442927314652,0.07287263357279167
US,2024,North,55+,Female,Low,811416.3081101774,0.5711442927314652,0.07287263357279167
US,2024,North,55+,Female,Medium,744369.733627758,0.5711442927314652,0.07287263357279167
US,2024,North,55+,Male,High,1052026.280311912,0.5711442927314652,0.07287263357279167
US,2024,North,55+,Male,Low,964794.3330177005,0.5711442927314652,0.07287263357279167
US,2024,North,55+,Male,Medium,954317.4471428469,0.5711442927314652,0.07287263357279167
US,2024,North,55+,Other,High,615330.9664334684,0.5711442927314652,0.07287263357279167
US,2024,North,55+,Other,Low,889725.2587550529,0.5711442927314652,0.07287263357279167
US,2024,North,55+,Other,Medium,797212.4353895505,0.5711442927314652,0.07287263357279167
US,2024,South,18-24,Female,High,1015957.3214945947,0.5711442927314652,0.07287263357279167
US,2024,South,18-24,Female,Low,726006.0650417214,0.5711442927314652,0.07287263357279167
US,2024,South,18-24,Female,Medium,629060.1092785413,0.5711442927314652,0.07287263357279167
US,2024,South,18-24,Male,High,871693.0039002487,0.5711442927314652,0.07287263357279167
US,2024,South,18-24,Male,Low,686346.0103251103,0.5711442927314652,0.07287263357279167
US,2024,South,18-24,Male,Medium,859168.7968025033,0.5711442927314652,0.07287263357279167
US,2024,South,18-24,Other,High,916919.9932872045,0.5711442927314652,0.07287263357279167
US,2024,South,18-24,Other,Low,897860.5437830652,0.5711442927314652,0.07287263357279167
US,2024,South,18-24,Other,Medium,529989.544291299,0.5711442927314652,0.07287263357279167
US,2024,South,25-34,Female,High,1056411.409788949,0.5711442927314652,0.07287263357279167
US,2024,South,25-34,Female,Low,855047.4033732779,0.5711442927314652,0.07287263357279167
US,2024,South,25-34,Female,Medium,787934.2437279288,0.5711442927314652,0.07287263357279167
US,2024,South,25-34,Male,High,584432.1307443375,0.5711442927314652,0.07287263357279167
US,2024,South,25-34,Male,Low,1112635.9650142603,0.5711442927314652,0.07287263357279167
US,2024,South,25-34,Male,Medium,1023451.7884399579,0.5711442927314652,0.07287263357279167
US,2024,South,25-34,Other,High,614574.853479668,0.5711442927314652,0.07287263357279167
US,2024,South,25-34,Other,Low,1054866.0658196327,0.5711442927314652,0.07287263357279167
US,2024,South,25-34,Other,Medium,857777.785459182,0.5711442927314652,0.07287263357279167
US,2024,South,35-44,Female,High,677502.2999425231,0.5711442927314652,0.07287263357279167
US,2024,South,35-44,Female,Low,823432.5245593794,0.5711442927314652,0.07287263357279167
US,2024,South,35-44,Female,Medium,1068690.5358139034,0.5711442927314652,0.07287263357279167
US,2024,South,35-44,Male,High,965906.9871676796,0.5711442927314652,0.07287263357279167
US,2024,South,35-44,Male,Low,724475.4361288202,0.5711442927314652,0.07287263357279167
US,2024,South,35-44,Male,Medium,965164.6306483282,0.5711442927314652,0.07287263357279167
US,2024,South,35-44,Other,High,851898.5324932244,0.5711442927314652,0.07287263357279167
US,2024,South,35-44,Other,Low,847984.5211949404,0.5711442927314652,0.07287263357279167
US,2024,South,35-44,Other,Medium,920295.7124697656,0.5711442927314652,0.07287263357279167
US,2024,South,45-54,Female,High,1120558.0440491317,0.5711442927314652,0.07287263357279167
US,2024,South,45-54,Female,Low,1148724.735327374,0.5711442927314652,0.07287263357279167
US,2024,South,45-54,Female,Medium,860277.7427732723,0.5711442927314652,0.07287263357279167
US,2024,South,45-54,Male,High,546870.2647592366,0.5711442927314652,0.07287263357279167
US,2024,South,45-54,Male,Low,1012639.0186595558,0.5711442927314652,0.07287263357279167
US,2024,South,45-54,Male,Medium,438333.0480563082,0.5711442927314652,0.07287263357279167
US,2024,South,45-54,Other,High,565496.4437175913,0.5711442927314652,0.07287263357279167
US,2024,South,45-54,Other,Low,653620.6193497139,0.5711442927314652,0.07287263357279167
US,2024,South,45-54,Other,Medium,616111.3429423366,0.5711442927314652,0.07287263357279167
US,2024,South,55+,Female,High,935490.0868996313,0.5711442927314652,0.07287263357279167
US,2024,South,55+,Female,Low,546536.71168027,0.5711442927314652,0.07287263357279167
US,2024,South,55+,Female,Medium,803429.9133997633,0.5711442927314652,0.07287263357279167
US,2024,South,55+,Male,High,619985.6642474628,0.5711442927314652,0.07287263357279167
US,2024,South,55+,Male,Low,659160.0318760042,0.5711442927314652,0.07287263357279167
US,2024,South,55+,Male,Medium,731727.8849451386,0.5711442927314652,0.07287263357279167
US,2024,South,55+,Other,High,594965.51689755,0.5711442927314652,0.07287263357279167
US,2024,South,55+,Other,Low,1299668.7657783446,0.5711442927314652,0.07287263357279167
US,2024,South,55+,Other,Medium,648671.4092932594,0.5711442927314652,0.07287263357279167
US,2024,West,18-24,Female,High,871112.8016510337,0.5711442927314652,0.07287263357279167
US,2024,West,18-24,Female,Low,520167.3467182507,0.5711442927314652,0.07287263357279167
US,2024,West,18-24,Female,Medium,828013.2523726621,0.5711442927314652,0.07287263357279167
US,2024,West,18-24,Male,High,727115.1568357677,0.5711442927314652,0.07287263357279167
US,2024,West,18-24,Male,Low,776547.2909118303,0.5711442927314652,0.07287263357279167
US,2024,West,18-24,Male,Medium,1090531.7311493165,0.5711442927314652,0.07287263357279167
US,2024,West,18-24,Other,High,811899.0181001821,0.5711442927314652,0.07287263357279167
US,2024,West,18-24,Other,Low,392614.8303919437,0.5711442927314652,0.07287263357279167
US,2024,West,18-24,Other,Medium,802015.0536709027,0.5711442927314652,0.07287263357279167
US,2024,West,25-34,Female,High,788286.9939818513,0.5711442927314652,0.07287263357279167
US,2024,West,25-34,Female,Low,678745.418691631,0.5711442927314652,0.07287263357279167
US,2024,West,25-34,Female,Medium,784653.9262747436,0.5711442927314652,0.07287263357279167
US,2024,West,25-34,Male,High,658954.8636490818,0.5711442927314652,0.07287263357279167
US,2024,West,25-34,Male,Low,1290915.9107440822,0.5711442927314652,0.07287263357279167
US,2024,West,25-34,Male,Medium,538932.9890366641,0.5711442927314652,0.07287263357279167
US,2024,West,25-34,Other,High,467402.92508741934,0.5711442927314652,0.07287263357279167
US,2024,West,25-34,Other,Low,666721.2103319162,0.5711442927314652,0.07287263357279167
US,2024,West,25-34,Other,Medium,1016323.3536221177,0.5711442927314652,0.07287263357279167
US,2024,West,35-44,Female,High,757019.8347713818,0.5711442927314652,0.07287263357279167
US,2024,West,35-44,Female,Low,1086395.396873014,0.5711442927314652,0.07287263357279167
US,2024,West,35-44,Female,Medium,424929.14802016574,0.5711442927314652,0.07287263357279167
US,2024,West,35-44,Male,High,948887.8691454858,0.5711442927314652,0.07287263357279167
US,2024,West,35-44,Male,Low,531778.2670579551,0.5711442927314652,0.07287263357279167
US,2024,West,35-44,Male,Medium,911912.869534406,0.5711442927314652,0.07287263357279167
US,2024,West,35-44,Other,High,1256322.3907102128,0.5711442927314652,0.07287263357279167
US,2024,West,35-44,Other,Low,553071.2412547973,0.5711442927314652,0.07287263357279167
US,2024,West,35-44,Other,Medium,669435.7550970273,0.5711442927314652,0.07287263357279167
US,2024,West,45-54,Female,High,761958.1339425085,0.5711442927314652,0.07287263357279167
US,2024,West,45-54,Female,Low,751483.5528769362,0.5711442927314652,0.07287263357279167
US,2024,West,45-54,Female,Medium,1146243.6692816792,0.5711442927314652,0.07287263357279167
US,2024,West,45-54,Male,High,786443.012872201,0.5711442927314652,0.07287263357279167
US,2024,West,45-54,Male,Low,1009288.7477053542,0.5711442927314652,0.07287263357279167
US,2024,West,45-54,Male,Medium,1030411.3944758886,0.5711442927314652,0.07287263357279167
US,2024,West,45-54,Other,High,961282.6094416002,0.5711442927314652,0.07287263357279167
US,2024,West,45-54,Other,Low,763451.6952662632,0.5711442927314652,0.07287263357279167
US,2024,West,45-54,Other,Medium,549076.870597402,0.5711442927314652,0.07287263357279167
US,2024,West,55+,Female,High,866735.6178242372,0.5711442927314652,0.07287263357279167
US,2024,West,55+,Female,Low,771077.4281654946,0.5711442927314652,0.07287263357279167
US,2024,West,55+,Female,Medium,1040683.4510308101,0.5711442927314652,0.07287263357279167
US,2024,West,55+,Male,High,597951.1543872346,0.5711442927314652,0.07287263357279167
US,2024,West,55+,Male,Low,612591.8162998299,0.5711442927314652,0.07287263357279167
US,2024,West,55+,Male,Medium,600802.5631401394,0.5711442927314652,0.07287263357279167
US,2024,West,55+,Other,High,760059.903386051,0.5711442927314652,0.07287263357279167
US,2024,West,55+,Other,Low,662283.6742434017,0.5711442927314652,0.07287263357279167
US,2024,West,55+,Other,Medium,685522.6288330348,0.5711442927314652,0.07287263357279167
US,2025,East,18-24,Female,High,944362.219615013,0.6097732501263521,0.06797004171559458
US,2025,East,18-24,Female,Low,862027.8964896818,0.6097732501263521,0.06797004171559458
US,2025,East,18-24,Female,Medium,831384.3056518533,0.6097732501263521,0.06797004171559458
US,2025,East,18-24,Male,High,940448.5867066623,0.6097732501263521,0.06797004171559458
US,2025,East,18-24,Male,Low,678247.8167231635,0.6097732501263521,0.06797004171559458
US,2025,East,18-24,Male,Medium,1010909.5067479546,0.6097732501263521,0.06797004171559458
US,2025,East,18-24,Other,High,874405.7907227956,0.6097732501263521,0.06797004171559458
US,2025,East,18-24,Other,Low,803666.4333153463,0.6097732501263521,0.06797004171559458
US,2025,East,18-24,Other,Medium,526946.8078257199,0.6097732501263521,0.06797004171559458
US,2025,East,25-34,Female,High,679823.0062838361,0.6097732501263521,0.06797004171559458
US,2025,East,25-34,Female,Low,1015610.9684630282,0.6097732501263521,0.06797004171559458
US,2025,East,25-34,Female,Medium,789147.5191950318,0.6097732501263521,0.06797004171559458
US,2025,East,25-34,Male,High,526387.4514133258,0.6097732501263521,0.06797004171559458
US,2025,East,25-34,Male,Low,1009663.4881162792,0.6097732501263521,0.06797004171559458
US,2025,East,25-34,Male,Medium,567555.9059897526,0.6097732501263521,0.06797004171559458
US,2025,East,25-34,Other,High,761834.9360274788,0.6097732501263521,0.06797004171559458
US,2025,East,25-34,Other,Low,534407.5236808219,0.6097732501263521,0.06797004171559458
US,2025,East,25-34,Other,Medium,890663.0522941907,0.6097732501263521,0.06797004171559458
US,2025,East,35-44,Female,High,1299863.3825362204,0.6097732501263521,0.06797004171559458
US,2025,East,35-44,Female,Low,547673.878989541,0.6097732501263521,0.06797004171559458
US,2025,East,35-44,Female,Medium,755179.0540042375,0.6097732501263521,0.06797004171559458
US,2025,East,35-44,Male,High,1101518.833702326,0.6097732501263521,0.06797004171559458
US,2025,East,35-44,Male,Low,458644.73652726656,0.6097732501263521,0.06797004171559458
US,2025,East,35-44,Male,Medium,658580.2231437018,0.6097732501263521,0.06797004171559458
US,2025,East,35-44,Other,High,408905.5544090128,0.6097732501263521,0.06797004171559458
US,2025,East,35-44,Other,Low,767882.438166636,0.6097732501263521,0.06797004171559458
US,2025,East,35-44,Other,Medium,1212766.4606546077,0.6097732501263521,0.06797004171559458
US,2025,East,45-54,Female,High,902569.279196923,0.6097732501263521,0.06797004171559458
US,2025,East,45-54,Female,Low,871353.1011424835,0.6097732501263521,0.06797004171559458
US,2025,East,45-54,Female,Medium,809440.2491149529,0.6097732501263521,0.06797004171559458
US,2025,East,45-54,Male,High,966726.2429303041,0.6097732501263521,0.06797004171559458
US,2025,East,45-54,Male,Low,960987.9451636622,0.6097732501263521,0.06797004171559458
US,2025,East,45-54,Male,Medium,484141.4908630921,0.6097732501263521,0.06797004171559458
US,2025,East,45-54,Other,High,445842.6155427547,0.6097732501263521,0.06797004171559458
US,2025,East,45-54,Other,Low,829410.2920322062,0.6097732501263521,0.06797004171559458
US,2025,East,45-54,Other,Medium,828158.3930802109,0.6097732501263521,0.06797004171559458
US,2025,East,55+,Female,High,1002304.4035888176,0.6097732501263521,0.06797004171559458
US,2025,East,55+,Female,Low,917602.3418246201,0.6097732501263521,0.06797004171559458
US,2025,East,55+,Female,Medium,667943.8845692686,0.6097732501263521,0.06797004171559458
US,2025,East,55+,Male,High,987456.3249652416,0.6097732501263521,0.06797004171559458
US,2025,East,55+,Male,Low,1118396.563240496,0.6097732501263521,0.06797004171559458
US,2025,East,55+,Male,Medium,667678.7423753082,0.6097732501263521,0.06797004171559458
US,2025,East,55+,Other,High,1001953.8741490847,0.6097732501263521,0.06797004171559458
US,2025,East,55+,Other,Low,636225.5669396596,0.6097732501263521,0.06797004171559458
US,2025,East,55+,Other,Medium,629862.5159219233,0.6097732501263521,0.06797004171559458
US,2025,North,18-24,Female,High,655339.9500764105,0.6097732501263521,0.06797004171559458
US,2025,North,18-24,Female,Low,880520.9640404007,0.6097732501263521,0.06797004171559458
US,2025,North,18-24,Female,Medium,607940.8907877868,0.6097732501263521,0.06797004171559458
US,2025,North,18-24,Male,High,1483365.8986603087,0.6097732501263521,0.06797004171559458
US,2025,North,18-24,Male,Low,644466.1183815715,0.6097732501263521,0.06797004171559458
US,2025,North,18-24,Male,Medium,1275739.2157170365,0.6097732501263521,0.06797004171559458
US,2025,North,18-24,Other,High,765668.3325485161,0.6097732501263521,0.06797004171559458
US,2025,North,18-24,Other,Low,979136.8287965851,0.6097732501263521,0.06797004171559458
US,2025,North,18-24,Other,Medium,1058223.2991622847,0.6097732501263521,0.06797004171559458
US,2025,North,25-34,Female,High,574339.9956956315,0.6097732501263521,0.06797004171559458
US,2025,North,25-34,Female,Low,410799.39843730774,0.6097732501263521,0.06797004171559458
US,2025,North,25-34,Female,Medium,852104.8387685063,0.6097732501263521,0.06797004171559458
US,2025,North,25-34,Male,High,811010.2474808412,0.6097732501263521,0.06797004171559458
US,2025,North,25-34,Male,Low,351479.7668520418,0.6097732501263521,0.06797004171559458
US,2025,North,25-34,Male,Medium,593826.218688606,0.6097732501263521,0.06797004171559458
US,2025,North,25-34,Other,High,902119.4693270443,0.6097732501263521,0.06797004171559458
US,2025,North,25-34,Other,Low,451303.4121892527,0.6097732501263521,0.06797004171559458
US,2025,North,25-34,Other,Medium,738244.8986240645,0.6097732501263521,0.06797004171559458
US,2025,North,35-44,Female,High,865492.009532318,0.6097732501263521,0.06797004171559458
US,2025,North,35-44,Female,Low,927691.9854571349,0.6097732501263521,0.06797004171559458
US,2025,North,35-44,Female,Medium,676978.0776383565,0.6097732501263521,0.06797004171559458
US,2025,North,35-44,Male,High,884218.4003134621,0.6097732501263521,0.06797004171559458
US,2025,North,35-44,Male,Low,781125.5590620626,0.6097732501263521,0.06797004171559458
US,2025,North,35-44,Male,Medium,786540.5668310657,0.6097732501263521,0.06797004171559458
US,2025,North,35-44,Other,High,754998.430460377,0.6097732501263521,0.06797004171559458
US,2025,North,35-44,Other,Low,1135339.1899063112,0.6097732501263521,0.06797004171559458
US,2025,North,35-44,Other,Medium,758906.5486375841,0.6097732501263521,0.06797004171559458
US,2025,North,45-54,Female,High,805176.2480007672,0.6097732501263521,0.06797004171559458
US,2025,North,45-54,Female,Low,766903.7702227863,0.6097732501263521,0.06797004171559458
US,2025,North,45-54,Female,Medium,671446.5901345776,0.6097732501263521,0.06797004171559458
US,2025,North,45-54,Male,High,746554.2977275882,0.6097732501263521,0.06797004171559458
US,2025,North,45-54,Male,Low,849821.8196964536,0.6097732501263521,0.06797004171559458
US,2025,North,45-54,Male,Medium,560025.5583428534,0.6097732501263521,0.06797004171559458
US,2025,North,45-54,Other,High,836235.2077268355,0.6097732501263521,0.06797004171559458
US,2025,North,45-54,Other,Low,1002506.2462487146,0.6097732501263521,0.06797004171559458
US,2025,North,45-54,Other,Medium,638957.9423833353,0.6097732501263521,0.06797004171559458
US,2025,North,55+,Female,High,1189843.929931139,0.6097732501263521,0.06797004171559458
US,2025,North,55+,Female,Low,1094398.5832832116,0.6097732501263521,0.06797004171559458
US,2025,North,55+,Female,Medium,761199.3402699068,0.6097732501263521,0.06797004171559458
US,2025,North,55+,Male,High,599211.7149980124,0.6097732501263521,0.06797004171559458
US,2025,North,55+,Male,Low,525532.7032421054,0.6097732501263521,0.06797004171559458
US,2025,North,55+,Male,Medium,1271892.127866764,0.6097732501263521,0.06797004171559458
US,2025,North,55+,Other,High,357626.9226697982,0.6097732501263521,0.06797004171559458
US,2025,North,55+,Other,Low,762215.3868919745,0.6097732501263521,0.06797004171559458
US,2025,North,55+,Other,Medium,724925.3841778833,0.6097732501263521,0.06797004171559458
US,2025,South,18-24,Female,High,420022.72122942,0.6097732501263521,0.06797004171559458
US,2025,South,18-24,Female,Low,937104.9425050595,0.6097732501263521,0.06797004171559458
US,2025,South,18-24,Female,Medium,673295.8954245929,0.6097732501263521,0.06797004171559458
US,2025,South,18-24,Male,High,961275.6422131008,0.6097732501263521,0.06797004171559458
US,2025,South,18-24,Male,Low,823314.1598996166,0.6097732501263521,0.06797004171559458
US,2025,South,18-24,Male,Medium,781035.3920850292,0.6097732501263521,0.06797004171559458
US,2025,South,18-24,Other,High,649568.1226784633,0.6097732501263521,0.06797004171559458
US,2025,South,18-24,Other,Low,908583.395551714,0.6097732501263521,0.06797004171559458
US,2025,South,18-24,Other,Medium,1485827.6266947016,0.6097732501263521,0.06797004171559458
US,2025,South,25-34,Female,High,1039737.8231199343,0.6097732501263521,0.06797004171559458
US,2025,South,25-34,Female,Low,767513.9163421259,0.6097732501263521,0.06797004171559458
US,2025,South,25-34,Female,Medium,966379.0898010477,0.6097732501263521,0.06797004171559458
US,2025,South,25-34,Male,High,709203.5127182086,0.6097732501263521,0.06797004171559458
US,2025,South,25-34,Male,Low,633433.0848177241,0.6097732501263521,0.06797004171559458
US,2025,South,25-34,Male,Medium,1526685.917793056,0.6097732501263521,0.06797004171559458
US,2025,South,25-34,Other,High,923429.3939513117,0.6097732501263521,0.06797004171559458
US,2025,South,25-34,Other,Low,689153.9617102261,0.6097732501263521,0.06797004171559458
US,2025,South,25-34,Other,Medium,1031922.0860867053,0.6097732501263521,0.06797004171559458
US,2025,South,35-44,Female,High,565063.1908138784,0.6097732501263521,0.06797004171559458
US,2025,South,35-44,Female,Low,606469.5532139005,0.6097732501263521,0.06797004171559458
US,2025,South,35-44,Female,Medium,935657.3054915054,0.6097732501263521,0.06797004171559458
US,2025,South,35-44,Male,High,732680.5442951353,0.6097732501263521,0.06797004171559458
US,2025,South,35-44,Male,Low,627417.8107682451,0.6097732501263521,0.06797004171559458
US,2025,South,35-44,Male,Medium,544718.4226551724,0.6097732501263521,0.06797004171559458
US,2025,South,35-44,Other,High,839767.4947240113,0.6097732501263521,0.06797004171559458
US,2025,South,35-44,Other,Low,1058607.7786853872,0.6097732501263521,0.06797004171559458
US,2025,South,35-44,Other,Medium,1098843.5436581247,0.6097732501263521,0.06797004171559458
US,2025,South,45-54,Female,High,431361.58801141684,0.6097732501263521,0.06797004171559458
US,2025,South,45-54,Female,Low,464521.0975827046,0.6097732501263521,0.06797004171559458
US,2025,South,45-54,Female,Medium,544289.2250022696,0.6097732501263521,0.06797004171559458
US,2025,South,45-54,Male,High,685056.6143730589,0.6097732501263521,0.06797004171559458
US,2025,South,45-54,Male,Low,1645183.8496731194,0.6097732501263521,0.06797004171559458
US,2025,South,45-54,Male,Medium,883462.4311891982,0.6097732501263521,0.06797004171559458
US,2025,South,45-54,Other,High,978624.0777324679,0.6097732501263521,0.06797004171559458
US,2025,South,45-54,Other,Low,628859.6902063083,0.6097732501263521,0.06797004171559458
US,2025,South,45-54,Other,Medium,1276995.5404137783,0.6097732501263521,0.06797004171559458
US,2025,South,55+,Female,High,688259.4548668364,0.6097732501263521,0.06797004171559458
US,2025,South,55+,Female,Low,708699.9218535535,0.6097732501263521,0.06797004171559458
US,2025,South,55+,Female,Medium,846731.4939773616,0.6097732501263521,0.06797004171559458
US,2025,South,55+,Male,High,917724.5386839077,0.6097732501263521,0.06797004171559458
US,2025,South,55+,Male,Low,888344.1801052422,0.6097732501263521,0.06797004171559458
US,2025,South,55+,Male,Medium,422659.3300881842,0.6097732501263521,0.06797004171559458
US,2025,South,55+,Other,High,772987.8960303074,0.6097732501263521,0.06797004171559458
US,2025,South,55+,Other,Low,1024245.5972438722,0.6097732501263521,0.06797004171559458
US,2025,South,55+,Other,Medium,806731.146759906,0.6097732501263521,0.06797004171559458
US,2025,West,18-24,Female,High,1115515.6971488635,0.6097732501263521,0.06797004171559458
US,2025,West,18-24,Female,Low,706188.9626630492,0.6097732501263521,0.06797004171559458
US,2025,West,18-24,Female,Medium,592701.0905756201,0.6097732501263521,0.06797004171559458
US,2025,West,18-24,Male,High,480006.8811681519,0.6097732501263521,0.06797004171559458
US,2025,West,18-24,Male,Low,1255942.2168103044,0.6097732501263521,0.06797004171559458
US,2025,West,18-24,Male,Medium,956051.3830745263,0.6097732501263521,0.06797004171559458
US,2025,West,18-24,Other,High,737642.7920624871,0.6097732501263521,0.06797004171559458
US,2025,West,18-24,Other,Low,681497.5559469108,0.6097732501263521,0.06797004171559458
US,2025,West,18-24,Other,Medium,518022.22257592774,0.6097732501263521,0.06797004171559458
US,2025,West,25-34,Female,High,1011170.4889913878,0.6097732501263521,0.06797004171559458
US,2025,West,25-34,Female,Low,704724.1122965354,0.6097732501263521,0.06797004171559458
US,2025,West,25-34,Female,Medium,599488.1001266584,0.6097732501263521,0.06797004171559458
US,2025,West,25-34,Male,High,802501.052944339,0.6097732501263521,0.06797004171559458
US,2025,West,25-34,Male,Low,570174.598866257,0.6097732501263521,0.06797004171559458
US,2025,West,25-34,Male,Medium,1099486.0126453487,0.6097732501263521,0.06797004171559458
US,2025,West,25-34,Other,High,761853.4414827926,0.6097732501263521,0.06797004171559458
US,2025,West,25-34,Other,Low,1222528.6562009167,0.6097732501263521,0.06797004171559458
US,2025,West,25-34,Other,Medium,1501560.3690180809,0.6097732501263521,0.06797004171559458
US,2025,West,35-44,Female,High,910762.5750829435,0.6097732501263521,0.06797004171559458
US,2025,West,35-44,Female,Low,687707.9070128488,0.6097732501263521,0.06797004171559458
US,2025,West,35-44,Female,Medium,924132.0028136661,0.6097732501263521,0.06797004171559458
US,2025,West,35-44,Male,High,882256.1247042066,0.6097732501263521,0.06797004171559458
US,2025,West,35-44,Male,Low,705932.8752171703,0.6097732501263521,0.06797004171559458
US,2025,West,35-44,Male,Medium,915333.2093069828,0.6097732501263521,0.06797004171559458
US,2025,West,35-44,Other,High,906211.0811388254,0.6097732501263521,0.06797004171559458
US,2025,West,35-44,Other,Low,886520.0283870914,0.6097732501263521,0.06797004171559458
US,2025,West,35-44,Other,Medium,525376.338673871,0.6097732501263521,0.06797004171559458
US,2025,West,45-54,Female,High,738073.6487853691,0.6097732501263521,0.06797004171559458
US,2025,West,45-54,Female,Low,1262222.5147830385,0.6097732501263521,0.06797004171559458
US,2025,West,45-54,Female,Medium,571067.093567811,0.6097732501263521,0.06797004171559458
US,2025,West,45-54,Male,High,552420.9299076234,0.6097732501263521,0.06797004171559458
US,2025,West,45-54,Male,Low,822972.653687433,0.6097732501263521,0.06797004171559458
US,2025,West,45-54,Male,Medium,1036634.3744855003,0.6097732501263521,0.06797004171559458
US,2025,West,45-54,Other,High,695634.4906962491,0.6097732501263521,0.06797004171559458
US,2025,West,45-54,Other,Low,742425.4066564031,0.6097732501263521,0.06797004171559458
US,2025,West,45-54,Other,Medium,862796.4803903683,0.6097732501263521,0.06797004171559458
US,2025,West,55+,Female,High,467861.8137142965,0.6097732501263521,0.06797004171559458
US,2025,West,55+,Female,Low,690148.0464669256,0.6097732501263521,0.06797004171559458
US,2025,West,55+,Female,Medium,418199.2933190417,0.6097732501263521,0.06797004171559458
US,2025,West,55+,Male,High,677522.574092821,0.6097732501263521,0.06797004171559458
US,2025,West,55+,Male,Low,376942.0031872371,0.6097732501263521,0.06797004171559458
US,2025,West,55+,Male,Medium,801808.183004074,0.6097732501263521,0.06797004171559458
US,2025,West,55+,Other,High,523207.40719130565,0.6097732501263521,0.06797004171559458
US,2025,West,55+,Other,Low,751802.1249718048,0.6097732501263521,0.06797004171559458
US,2025,West,55+,Other,Medium,760895.2851137543,0.6097732501263521,0.06797004171559458
